n,l2_error,h1_error
10,0.0114436,0.180382
20,0.00289603,0.0880031
40,0.000726224,0.0437147
80,0.000181695,0.0218211
